{"cameraMode":{"drawMode":0,"name":"Shaded","section":"Shading Mode"},"sceneLighting":true,"audioPlay":false,"sceneViewState":{"m_AlwaysRefresh":false,"showFog":false,"showSkybox":false,"showFlares":false,"showImageEffects":true,"showParticleSystems":false,"showVisualEffectGraphs":true,"m_FxEnabled":true},"in2DMode":false,"pivot":{"x":12.499653816223145,"y":-102.19216918945313,"z":279.74847412109377},"rotation":{"x":0.1937297135591507,"y":0.019129034131765367,"z":-0.0037782250437885525,"w":0.9808624386787415},"size":166.14833068847657,"orthographic":false}